Collection Name,Document Count
c2_l8_129_10m,2682329
c2_l8_149_100m,2708084
c2_l8_135_90m,80165
c2_l8_187_15m,1976576
c1_l8_593_60m,458481
c2_l8_137_1m,2048975
c2_l8_154_10m,39540
c2_l8_144_1m,431746
c2_l8_224_250m,85048
c2_l8_224_20m,85048
c1_l8_460_60m,256293
c2_l8_74_15m,667718
c2_l8_174_1m,380454
c2_l8_136_250m,2659096
c2_l8_188_100m,2521789
c2_l8_170_60m,1503586
c2_l8_205_1m,1219899
c2_l8_55_15m,662655
c2_l8_232_250m,266966
c2_l8_113_20m,212219
c1_l8_343_60m,6648
c2_l8_136_20m,2659096
c2_l8_229_10m,614630
c2_l8_56_20m,1120278
c2_l8_126_60m,173904
c2_l8_184_90m,911503
c2_l8_98_125m,1862413
c1_l8_572_60m,2330
c2_l8_128_20m,2529290
c2_l8_161_20m,16919
c2_l8_200_30m,97268
c2_l8_210_125m,2014950
c2_l8_14_100m,69735
c2_l8_34_60m,1697108
c2_l8_17_30m,196548
c2_l8_226_15m,2340907
c2_l8_71_10m,2395819
c2_l8_39_15m,21229
c2_l8_59_250m,351144
c1_l8_549_60m,21957
c2_l8_80_250m,1884720
c2_l8_36_10m,1842064
c2_l8_128_60m,2529290
c2_l8_205_90m,1219899
c2_l8_74_30m,667718
c2_l8_124_125m,83057
c2_l8_156_125m,1673159
c2_l8_126_100m,173904
c2_l8_15_15m,895161
c2_l8_115_90m,130602
c2_l8_37_100m,1129380
c2_l8_98_10m,1862413
c1_l8_472_60m,86998
c2_l8_124_250m,83057
c1_l8_677_60m,8511
c2_l8_209_40m,1361162
c2_l8_190_250m,2366606
c2_l8_150_250m,2602671
c1_l8_502_60m,448038
c2_l8_198_250m,2161874
c2_l8_57_15m,1330967
c2_l8_75_100m,213978
c2_l8_187_1m,1976576
c2_l8_35_40m,1519336
c2_l8_181_90m,1096562
c2_l8_107_15m,637704
c2_l8_169_60m,1394246
c2_l8_76_250m,1680519
c2_l8_205_100m,1219899
c2_l8_118_100m,1430551
c2_l8_77_15m,2433771
c2_l8_231_250m,1190391
c2_l8_213_60m,741369
c2_l8_174_125m,380454
c2_l8_95_10m,529476
c2_l8_55_30m,662655
c2_l8_116_125m,1689925
c2_l8_108_15m,2863825
c2_l8_116_100m,1689925
c2_l8_120_30m,937251
c2_l8_186_15m,2623509
c2_l8_208_90m,2231939
c2_l8_126_250m,173904
c2_l8_201_20m,1847602
c2_l8_79_125m,1583502
c2_l8_194_100m,317742
c2_l8_238_250m,1270
c2_l8_55_20m,662655
c2_l8_227_60m,2191658
c2_l8_16_10m,745524
c2_l8_215_20m,102682
c2_l8_54_100m,709384
c2_l8_164_125m,1437531
c2_l8_31_40m,64421
c2_l8_37_125m,1129380
c2_l8_175_125m,40617
c2_l8_238_90m,1270
c2_l8_215_125m,102682
c2_l8_193_90m,1559034
c2_l8_183_125m,1307946
c2_l8_120_100m,937251
c2_l8_206_10m,900000
c2_l8_231_10m,1190391
c2_l8_53_40m,1120278
c2_l8_92_60m,1860925
c2_l8_187_125m,1976576
c2_l8_176_15m,95877
c2_l8_219_100m,49919
c2_l8_175_40m,40617
c2_l8_70_40m,183688
c2_l8_161_250m,16919
c2_l8_176_20m,95877
c2_l8_108_90m,2863825
c2_l8_96_30m,2153583
c2_l8_35_250m,1519336
c2_l8_112_100m,62754
c2_l8_162_1m,40138
c2_l8_125_100m,54471
c2_l8_202_20m,2892209
c2_l8_137_40m,2048975
c2_l8_130_30m,2853556
c2_l8_38_10m,213700
c2_l8_163_40m,340730
c2_l8_90_1m,877724
c2_l8_73_30m,1398668
c2_l8_233_125m,750426
c2_l8_144_40m,431746
c2_l8_128_10m,2529290
c2_l8_35_100m,1519336
c2_l8_108_1m,2863825
c2_l8_55_125m,662655
c2_l8_224_40m,85048
c2_l8_177_15m,283519
c2_l8_179_1m,240759
c2_l8_37_1m,1129380
c2_l8_171_90m,2601448
c2_l8_15_10m,895161
c2_l8_145_15m,395699
c2_l8_137_60m,2048975
c2_l8_235_40m,1336166
c2_l8_181_40m,1096562
c2_l8_96_90m,2153583
c2_l8_78_100m,1614902
c2_l8_80_15m,1884720
c2_l8_242_15m,2333745
c2_l8_139_15m,1034425
c2_l8_201_1m,1847602
c2_l8_231_1m,1190391
c2_l8_128_100m,2529290
c2_l8_36_30m,1842064
c2_l8_140_125m,131305
c2_l8_218_125m,594513
c2_l8_179_20m,240759
c2_l8_52_10m,2005110
c2_l8_73_250m,1398668
c2_l8_222_90m,278486
c2_l8_197_10m,640249
c2_l8_227_250m,2191658
c2_l8_119_15m,1614414
c2_l8_170_20m,1503586
c2_l8_156_20m,1673159
c2_l8_16_250m,745524
c2_l8_58_250m,1594536
c2_l8_157_250m,417961
c2_l8_129_60m,2682329
c2_l8_185_10m,3195387
c2_l8_98_90m,1862413
c2_l8_67_10m,49662
c2_l8_167_20m,2825997
c1_l8_562_60m,603090
c2_l8_188_20m,2521789
c2_l8_156_15m,1673159
c2_l8_215_60m,102682
c2_l8_51_20m,1387659
c2_l8_215_1m,102682
c2_l8_152_250m,520
c2_l8_203_40m,1981901
c2_l8_78_30m,1614902
c1_l8_160_60m,1514708
c2_l8_116_20m,1689925
c2_l8_230_15m,346567
c2_l8_67_250m,49662
c2_l8_181_100m,1096562
c2_l8_193_125m,1559034
c2_l8_206_100m,900000
c2_l8_126_1m,173904
c2_l8_228_60m,2194189
c2_l8_52_100m,2005110
c2_l8_67_20m,49662
c1_l8_668_60m,1124013
c2_l8_166_125m,3340706
c2_l8_70_10m,183282
c2_l8_71_40m,2395819
c2_l8_107_125m,637704
c2_l8_168_90m,2238632
c2_l8_236_125m,845138
c2_l8_93_100m,1676591
c2_l8_194_20m,317742
c2_l8_120_15m,937251
c2_l8_149_20m,2708084
c2_l8_187_60m,1976576
c2_l8_218_20m,594513
c2_l8_209_15m,1361162
c2_l8_179_40m,240759
c2_l8_127_10m,1154331
c2_l8_188_1m,2521789
c2_l8_14_15m,69735
c2_l8_224_90m,85048
c2_l8_223_125m,277281
c2_l8_200_10m,97268
c2_l8_125_1m,54471
c2_l8_174_250m,380454
c2_l8_191_30m,1722129
c2_l8_138_125m,1206439
c1_l8_39_60m,508938
c2_l8_176_1m,95877
c2_l8_162_250m,40138
c2_l8_241_60m,2521158
c2_l8_183_20m,1307946
c2_l8_167_60m,2825997
c2_l8_107_90m,637704
c2_l8_208_100m,2231939
c2_l8_95_30m,529476
c2_l8_151_10m,1796460
c2_l8_144_125m,431746
c2_l8_167_30m,2825997
c2_l8_211_15m,1032321
c2_l8_16_125m,745524
c2_l8_186_20m,2623509
c2_l8_116_15m,1689925
c2_l8_227_100m,2191658
c2_l8_228_15m,2194189
c2_l8_223_10m,277281
c2_l8_171_15m,2601448
c2_l8_210_20m,2014950
c2_l8_147_15m,3079160
c2_l8_78_90m,1614902
c2_l8_187_90m,1976576
c2_l8_107_40m,637704
c2_l8_222_250m,278486
c2_l8_88_125m,768825
c2_l8_100_1m,1638498
c2_l8_69_40m,309869
c2_l8_89_40m,1096358
c2_l8_168_40m,2238632
c2_l8_34_20m,1697108
c2_l8_216_125m,648209
c2_l8_203_60m,1981901
c2_l8_74_250m,667718
c2_l8_193_40m,1559034
c2_l8_39_30m,21229
c2_l8_58_90m,1594536
c2_l8_161_10m,16919
c2_l8_187_100m,1976576
c2_l8_74_40m,667718
c2_l8_112_40m,62754
c2_l8_73_90m,1398668
c2_l8_88_60m,768825
c2_l8_240_40m,2732247
c1_l8_402_60m,272619
c2_l8_57_1m,1330967
c2_l8_184_100m,911503
c2_l8_224_30m,85048
c2_l8_221_10m,589792
c2_l8_139_250m,1034425
c2_l8_77_125m,2433771
c2_l8_187_20m,1976576
c2_l8_145_250m,395699
c2_l8_53_10m,1120278
c2_l8_38_40m,213700
c2_l8_188_250m,2521789
c2_l8_38_100m,213700
c2_l8_168_250m,2238632
c2_l8_234_1m,908685
c2_l8_69_15m,309869
c2_l8_75_90m,213978
c2_l8_109_15m,1608118
c2_l8_182_30m,1394786
c2_l8_212_40m,1386696
c2_l8_238_40m,1270
c2_l8_110_100m,1222630
c2_l8_206_90m,800000
c2_l8_182_125m,1394786
c2_l8_216_1m,648209
c2_l8_193_250m,1559034
c2_l8_150_20m,2602671
c2_l8_221_30m,589792
c2_l8_96_100m,2153583
c2_l8_221_90m,589792
c2_l8_146_1m,1976380
c2_l8_70_90m,183688
c2_l8_184_15m,911503
c2_l8_190_100m,2366606
c2_l8_109_250m,1608118
c2_l8_211_10m,1032321
c2_l8_231_30m,1190391
c2_l8_235_15m,1336166
c2_l8_97_10m,2447590
c2_l8_219_40m,49919
c2_l8_155_20m,183264
c2_l8_202_40m,2892209
c2_l8_177_100m,283519
c2_l8_171_20m,2601448
c2_l8_36_20m,1842064
c2_l8_212_30m,1386696
c2_l8_110_90m,1222630
c2_l8_224_60m,85048
c2_l8_120_40m,937251
c2_l8_125_10m,54471
c2_l8_192_100m,1208800
c2_l8_241_250m,2521158
c2_l8_193_1m,1559034
c2_l8_74_20m,667718
c2_l8_231_60m,1190391
c2_l8_140_90m,131305
c2_l8_56_60m,1120278
c2_l8_193_15m,1559034
c2_l8_74_1m,667718
c2_l8_219_250m,49919
c2_l8_145_10m,395699
c2_l8_227_1m,2191658
c2_l8_194_1m,317742
c2_l8_17_1m,196548
c2_l8_240_60m,2732247
c2_l8_176_250m,95877
c2_l8_31_125m,64421
c2_l8_202_125m,2892209
c2_l8_16_100m,745524
c2_l8_239_100m,2632519
c2_l8_92_100m,1860925
c2_l8_151_40m,1796460
c2_l8_197_1m,640249
c2_l8_171_10m,2601448
c2_l8_232_30m,266966
c2_l8_214_125m,1059523
c2_l8_198_40m,2161874
c2_l8_129_30m,2682329
c2_l8_177_40m,283519
c2_l8_56_1m,1120278
c2_l8_69_20m,309869
c2_l8_148_30m,3024003
c2_l8_70_20m,183282
c2_l8_156_250m,1673159
c2_l8_228_10m,2194189
c2_l8_148_20m,3024003
c2_l8_115_10m,130602
c2_l8_192_20m,1208800
c2_l8_167_100m,2825997
c2_l8_128_15m,2529290
c2_l8_165_30m,3167443
c2_l8_200_125m,97268
c2_l8_234_40m,908685
c2_l8_231_40m,1190391
c2_l8_178_15m,404972
c2_l8_34_10m,1697108
c1_l8_161_60m,208681
c2_l8_58_10m,1594536
c1_l8_399_60m,235535
c2_l8_75_125m,213978
c2_l8_171_100m,2601448
c2_l8_97_30m,2447590
c2_l8_127_250m,1154331
c2_l8_120_250m,937251
c2_l8_238_15m,1270
c2_l8_87_250m,254924
c2_l8_73_125m,1398668
c2_l8_173_125m,482483
c2_l8_91_30m,1680415
c2_l8_155_40m,183264
c2_l8_155_60m,183264
c2_l8_59_15m,351144
c2_l8_166_90m,3340706
c2_l8_192_30m,1208800
c2_l8_203_15m,1981901
c2_l8_214_90m,1059523
c2_l8_233_30m,750426
c2_l8_89_1m,1096358
c2_l8_240_30m,2732247
c2_l8_211_90m,1032321
c2_l8_52_60m,2005110
c2_l8_15_20m,895161
c2_l8_148_15m,3024003
c2_l8_128_1m,2529290
c2_l8_88_90m,768825
c2_l8_201_60m,1847602
c2_l8_68_90m,261995
c2_l8_212_20m,1386696
c2_l8_111_90m,231391
c2_l8_77_60m,2433771
c2_l8_80_100m,1884720
c2_l8_91_20m,1680415
c2_l8_171_1m,2601448
c2_l8_100_15m,1638498
c2_l8_208_10m,2231939
c2_l8_172_10m,1693301
c2_l8_147_30m,3079160
c2_l8_163_125m,340730
c2_l8_227_40m,2191658
c2_l8_76_100m,1680519
c2_l8_93_1m,1676591
c2_l8_201_125m,1847602
c2_l8_167_250m,2825997
c2_l8_115_1m,130602
c2_l8_189_100m,2613623
c2_l8_111_15m,231391
c2_l8_209_100m,1361162
c2_l8_165_10m,3167443
c2_l8_222_40m,278486
c2_l8_166_15m,3340706
c2_l8_89_10m,1096358
c2_l8_183_100m,1307946
c2_l8_169_125m,1394246
c2_l8_194_10m,317742
c2_l8_190_10m,2366606
c2_l8_79_15m,1583502
c2_l8_146_125m,1976380
c2_l8_191_60m,1722129
c2_l8_120_20m,937251
c2_l8_193_20m,1559034
c2_l8_237_30m,282265
c2_l8_144_10m,431746
c2_l8_240_90m,2732247
c2_l8_163_15m,340730
c2_l8_215_15m,102682
c2_l8_107_250m,637704
c2_l8_181_250m,1096562
c2_l8_89_250m,1096358
c2_l8_206_60m,800000
c2_l8_211_20m,1032321
c2_l8_184_1m,911503
c2_l8_197_100m,640249
c2_l8_241_1m,2521158
c2_l8_209_30m,1361162
c2_l8_98_40m,1862413
c2_l8_36_1m,1842064
c2_l8_136_90m,2659096
c2_l8_87_30m,254924
c2_l8_231_100m,1190391
c2_l8_32_250m,503577
c2_l8_161_125m,16919
c2_l8_70_1m,183282
c1_l8_228_60m,462394
c2_l8_57_90m,1330967
c2_l8_172_125m,1693301
c2_l8_203_30m,1981901
c2_l8_144_15m,431746
c2_l8_87_60m,254924
c2_l8_174_30m,380454
c2_l8_227_90m,2191658
c2_l8_37_250m,1129380
c2_l8_118_15m,1430551
c2_l8_14_60m,69735
c2_l8_177_60m,283519
c2_l8_164_250m,1437531
c2_l8_190_60m,2366606
c1_l8_665_60m,6122
c2_l8_183_10m,1307946
c2_l8_162_20m,40138
c2_l8_140_30m,131305
c2_l8_230_90m,346567
c2_l8_224_15m,85048
c2_l8_177_125m,283519
c2_l8_117_30m,2044078
c2_l8_87_15m,254924
c2_l8_57_10m,1330967
c2_l8_164_60m,1437531
c2_l8_173_250m,482483
c2_l8_17_10m,196548
c2_l8_78_40m,1614902
c2_l8_127_125m,1154331
c2_l8_92_15m,1860925
c2_l8_90_30m,877724
c1_l8_670_60m,487
c2_l8_233_60m,750426
c2_l8_135_10m,80165
c2_l8_214_10m,1059523
c2_l8_60_250m,541674
c2_l8_203_20m,1981901
c2_l8_150_30m,2602671
c2_l8_154_30m,39540
c2_l8_156_100m,1673159
c2_l8_179_250m,240759
c2_l8_75_250m,213978
c2_l8_157_30m,417961
c2_l8_125_90m,54471
c2_l8_89_90m,1096358
c2_l8_117_125m,2044078
c2_l8_227_125m,2191658
c1_l8_280_60m,206527
c2_l8_173_100m,482483
c2_l8_217_10m,1234592
c2_l8_100_125m,1638498
c2_l8_119_30m,1614414
c2_l8_94_100m,843662
c2_l8_237_125m,282265
c2_l8_178_20m,404972
c2_l8_204_15m,1965156
c2_l8_80_30m,1884720
c2_l8_170_40m,1503586
c2_l8_238_1m,1270
c2_l8_94_10m,843662
c2_l8_157_10m,417961
c2_l8_156_90m,1673159
c2_l8_225_250m,1362470
c2_l8_137_10m,2048975
c2_l8_241_40m,2521158
c2_l8_115_15m,130602
c2_l8_136_15m,2659096
c2_l8_185_250m,3195387
c2_l8_113_125m,212219
c2_l8_216_10m,648209
c1_l8_622_60m,440383
c2_l8_168_1m,2238632
c2_l8_39_125m,21229
c2_l8_131_100m,250870
c2_l8_16_30m,745524
c2_l8_78_250m,1614902
c2_l8_146_10m,1976380
c1_l8_180_60m,5534
c1_l8_504_60m,110495
c2_l8_95_60m,529476
c2_l8_209_60m,1361162
c2_l8_100_250m,1638498
c1_l8_532_60m,644503
c2_l8_37_60m,1129380
c2_l8_178_250m,404972
c2_l8_109_40m,1608118
c2_l8_178_90m,404972
c2_l8_115_250m,130602
c2_l8_239_20m,2632519
c2_l8_186_250m,2623509
c2_l8_177_250m,283519
c2_l8_36_15m,1842064
c2_l8_152_1m,520
c2_l8_126_20m,173904
c2_l8_87_1m,254924
c2_l8_115_100m,130602
c2_l8_36_60m,1842064
c2_l8_34_100m,1697108
c2_l8_145_30m,395699
c2_l8_181_30m,1096562
c2_l8_120_10m,937251
c2_l8_96_1m,2153583
c2_l8_117_20m,2044078
c2_l8_214_30m,1059523
c2_l8_199_100m,391051
c2_l8_92_30m,1860925
c2_l8_126_30m,173904
c2_l8_220_250m,10986
c2_l8_205_10m,1219899
c2_l8_88_250m,768825
c2_l8_137_100m,2048975
c2_l8_208_250m,2231939
c2_l8_99_10m,1493203
c2_l8_178_10m,404972
c2_l8_201_30m,1847602
c2_l8_140_250m,131305
c2_l8_140_100m,131305
c2_l8_80_20m,1884720
c2_l8_161_30m,16919
c2_l8_205_30m,1219899
c2_l8_234_250m,908685
c2_l8_33_100m,111780
c2_l8_238_10m,1270
c2_l8_110_30m,1222630
c2_l8_58_40m,1594536
c2_l8_202_60m,2892209
c2_l8_200_40m,97268
c2_l8_183_90m,1307946
c1_l8_609_60m,345364
c2_l8_213_90m,741369
c2_l8_89_125m,1096358
c2_l8_229_30m,614630
c2_l8_194_125m,317742
c2_l8_77_40m,2433771
c2_l8_98_250m,1862413
c2_l8_167_1m,2825997
c2_l8_226_10m,2340907
c2_l8_57_60m,1330967
c2_l8_228_40m,2194189
c2_l8_198_90m,2161874
c2_l8_188_30m,2521789
c2_l8_236_20m,845138
c2_l8_181_125m,1096562
c2_l8_239_40m,2632519
c2_l8_90_15m,877724
c2_l8_233_15m,750426
c2_l8_165_15m,3167443
c2_l8_67_100m,49662
c2_l8_156_30m,1673159
c2_l8_95_20m,529476
c2_l8_127_100m,1154331
c2_l8_230_60m,346567
c2_l8_168_125m,2238632
c2_l8_229_90m,614630
c2_l8_152_125m,520
c2_l8_76_125m,1680519
c2_l8_117_40m,2044078
c2_l8_136_60m,2659096
c2_l8_210_40m,2014950
c2_l8_233_10m,750426
c2_l8_131_30m,250870
c2_l8_54_15m,709384
c2_l8_208_125m,2231939
c2_l8_182_10m,1394786
c2_l8_215_30m,102682
c2_l8_94_90m,843662
c2_l8_218_1m,594513
c2_l8_234_20m,908685
c2_l8_172_15m,1693301
c2_l8_33_30m,111780
c2_l8_100_20m,1638498
c2_l8_138_60m,1206439
c2_l8_72_40m,1811654
c2_l8_171_250m,2601448
c2_l8_216_60m,648209
c2_l8_164_20m,1437531
c2_l8_210_100m,2014950
c2_l8_154_90m,39540
c2_l8_129_15m,2682329
c2_l8_223_250m,277281
c2_l8_177_10m,283519
c2_l8_150_1m,2602671
c2_l8_32_100m,503577
c2_l8_78_60m,1614902
c2_l8_241_125m,2521158
c2_l8_187_40m,1976576
c1_l8_41_60m,24488
c2_l8_157_100m,417961
c2_l8_172_1m,1693301
c1_l8_499_60m,34746
c2_l8_198_30m,2161874
c2_l8_118_60m,1430551
c2_l8_225_1m,1362470
c2_l8_197_90m,640249
c2_l8_171_125m,2601448
c2_l8_112_30m,62754
c2_l8_177_20m,283519
c2_l8_194_15m,317742
c2_l8_131_15m,250870
c2_l8_240_250m,2732247
c2_l8_68_250m,261995
c2_l8_220_100m,10986
c2_l8_94_125m,843662
c2_l8_14_30m,69735
c2_l8_56_250m,1120278
c2_l8_200_1m,97268
c2_l8_35_1m,1519336
c2_l8_60_125m,541674
c2_l8_67_30m,49662
c2_l8_239_30m,2632519
c2_l8_119_60m,1614414
c2_l8_226_125m,2340907
c2_l8_203_250m,1981901
c2_l8_124_30m,83057
c2_l8_112_1m,62754
c2_l8_242_10m,2333745
c2_l8_117_60m,2044078
c2_l8_91_15m,1680415
c2_l8_38_1m,213700
c2_l8_209_1m,1361162
c2_l8_233_250m,750426
c2_l8_219_30m,49919
c2_l8_71_20m,2395819
c2_l8_148_10m,3024003
c2_l8_200_100m,97268
c2_l8_242_250m,2333745
c2_l8_162_30m,40138
c2_l8_201_40m,1847602
c2_l8_175_250m,40617
c2_l8_170_90m,1503586
c2_l8_225_20m,1362470
c2_l8_100_30m,1638498
c2_l8_237_250m,282265
c2_l8_70_250m,183688
c2_l8_152_100m,520
c2_l8_175_1m,40617
c2_l8_14_125m,69735
c2_l8_149_10m,2708084
c2_l8_15_60m,895161
c2_l8_91_100m,1680415
c2_l8_173_15m,482483
c2_l8_74_60m,667718
c2_l8_73_1m,1398668
c2_l8_238_60m,1270
c2_l8_154_60m,39540
c2_l8_139_20m,1034425
c2_l8_201_100m,1847602
c2_l8_210_10m,2014950
c2_l8_184_10m,911503
c2_l8_93_125m,1676591
c2_l8_90_125m,877724
c2_l8_218_100m,594513
c1_l8_548_60m,574281
c2_l8_56_10m,1120278
c2_l8_16_60m,745524
c2_l8_150_15m,2602671
c2_l8_59_90m,351144
c2_l8_162_90m,40138
c2_l8_111_250m,231391
c2_l8_135_125m,80165
c2_l8_56_100m,1120278
c2_l8_109_20m,1608118
c2_l8_109_90m,1608118
c2_l8_240_100m,2732247
c2_l8_97_90m,2447590
c2_l8_178_1m,404972
c2_l8_151_100m,1796460
c2_l8_115_40m,130602
c2_l8_173_40m,482483
c2_l8_76_40m,1680519
c2_l8_208_20m,2231939
c1_l8_69_60m,349269
c2_l8_156_1m,1673159
c2_l8_171_30m,2601448
c2_l8_189_20m,2613623
c2_l8_100_10m,1638498
c1_l8_623_60m,488085
c2_l8_138_1m,1206439
c2_l8_192_1m,1208800
c2_l8_33_15m,111780
c2_l8_32_125m,503577
c2_l8_113_40m,212219
c2_l8_188_125m,2521789
c2_l8_154_100m,39540
c2_l8_189_40m,2613623
c2_l8_144_20m,431746
c2_l8_216_90m,648209
c2_l8_72_30m,1811654
c2_l8_56_125m,1120278
c2_l8_99_250m,1493203
c2_l8_59_1m,351144
c2_l8_194_30m,317742
c2_l8_209_250m,1361162
c2_l8_177_1m,283519
c2_l8_36_125m,1842064
c1_l8_469_60m,22089
c2_l8_80_1m,1884720
c2_l8_225_125m,1362470
c2_l8_220_15m,10986
c2_l8_52_30m,2005110
c2_l8_174_15m,380454
c2_l8_118_125m,1430551
c2_l8_97_60m,2447590
c2_l8_91_90m,1680415
c2_l8_168_100m,2238632
c2_l8_92_250m,1860925
c2_l8_17_100m,196548
c2_l8_172_20m,1693301
c1_l8_190_60m,387628
c2_l8_238_30m,1270
c2_l8_97_40m,2447590
c2_l8_127_20m,1154331
c2_l8_93_60m,1676591
c2_l8_169_30m,1394246
c2_l8_58_1m,1594536
c2_l8_193_100m,1559034
c2_l8_179_30m,240759
c2_l8_186_125m,2623509
c2_l8_126_40m,173904
c2_l8_97_125m,2447590
c2_l8_60_30m,541674
c2_l8_31_100m,64421
c2_l8_111_20m,231391
c2_l8_90_10m,877724
c2_l8_94_40m,843662
c2_l8_139_125m,1034425
c2_l8_73_10m,1398668
c2_l8_138_40m,1206439
c2_l8_174_40m,380454
c2_l8_239_15m,2632519
c2_l8_204_40m,1965156
c2_l8_162_60m,40138
c2_l8_77_100m,2433771
c2_l8_145_90m,395699
c2_l8_56_90m,1120278
c2_l8_136_10m,2659096
c2_l8_229_20m,614630
c2_l8_130_125m,2853556
c2_l8_60_10m,541674
c2_l8_226_100m,2340907
c2_l8_179_90m,240759
c1_l8_638_60m,997778
c2_l8_183_1m,1307946
c2_l8_221_20m,589792
c2_l8_74_10m,667718
c2_l8_56_30m,1120278
c2_l8_116_40m,1689925
c2_l8_51_90m,1387659
c2_l8_198_1m,2161874
c2_l8_178_125m,404972
c2_l8_53_30m,1120278
c2_l8_146_40m,1976380
c1_l8_682_60m,190532
c2_l8_78_125m,1614902
c1_l8_370_60m,352860
c2_l8_237_15m,282265
c2_l8_69_90m,309869
c2_l8_232_10m,266966
c2_l8_128_30m,2529290
c2_l8_124_40m,83057
c2_l8_79_30m,1583502
c2_l8_110_10m,1222630
c2_l8_200_20m,97268
c2_l8_97_250m,2447590
c2_l8_14_1m,69735
c2_l8_199_30m,391051
c2_l8_31_20m,64421
c2_l8_35_60m,1519336
c2_l8_130_15m,2853556
c2_l8_79_10m,1583502
c2_l8_241_10m,2521158
c2_l8_33_10m,111780
c2_l8_172_90m,1693301
c2_l8_75_20m,213978
c1_l8_580_60m,9432
c1_l8_592_60m,687034
c2_l8_199_90m,391051
c2_l8_58_15m,1594536
c2_l8_93_10m,1676591
c2_l8_39_60m,21229
c2_l8_191_1m,1722129
c2_l8_151_60m,1796460
c2_l8_212_90m,1386696
c2_l8_96_125m,2153583
lookup,1427688
c2_l8_192_10m,1208800
c2_l8_175_30m,40617
c2_l8_182_60m,1394786
c2_l8_53_100m,1120278
c2_l8_131_10m,250870
c2_l8_31_1m,64421
c2_l8_119_250m,1614414
c2_l8_33_1m,111780
c2_l8_16_40m,745524
c2_l8_156_10m,1673159
c2_l8_235_30m,1336166
c2_l8_219_125m,49919
c2_l8_235_90m,1336166
c2_l8_79_40m,1583502
c2_l8_202_30m,2892209
c2_l8_17_125m,196548
c2_l8_163_1m,340730
c2_l8_53_125m,1120278
c2_l8_232_90m,266966
c2_l8_239_250m,2632519
c2_l8_236_100m,845138
c2_l8_187_30m,1976576
c2_l8_80_90m,1884720
c2_l8_242_40m,2333745
c2_l8_232_40m,266966
c1_l8_520_60m,11690
c2_l8_179_15m,240759
c2_l8_31_15m,64421
c2_l8_211_40m,1032321
c2_l8_111_100m,231391
c2_l8_95_100m,529476
c2_l8_203_125m,1981901
c2_l8_230_100m,346567
c2_l8_57_100m,1330967
c2_l8_212_250m,1386696
c2_l8_108_250m,2863825
c2_l8_15_40m,895161
c2_l8_228_125m,2194189
c2_l8_235_100m,1336166
c2_l8_112_60m,62754
c2_l8_147_10m,500000
c2_l8_92_125m,1860925
c2_l8_165_1m,3167443
c2_l8_131_40m,250870
c2_l8_204_30m,1965156
c2_l8_203_10m,1981901
c2_l8_71_30m,2395819
c2_l8_227_10m,2191658
c2_l8_34_30m,1697108
c2_l8_157_40m,417961
c2_l8_219_20m,49919
c2_l8_231_125m,1190391
c2_l8_72_250m,1811654
c2_l8_189_30m,2613623
c2_l8_192_40m,1208800
c2_l8_168_15m,2238632
c2_l8_233_1m,750426
c2_l8_201_10m,1847602
c2_l8_237_90m,282265
c1_l8_198_60m,266387
c2_l8_184_60m,911503
c2_l8_222_20m,278486
c2_l8_54_1m,709384
c2_l8_110_60m,1222630
c2_l8_221_100m,589792
c2_l8_71_125m,2395819
c2_l8_117_100m,2044078
c2_l8_181_60m,1096562
c2_l8_79_20m,1583502
c2_l8_241_100m,2521158
c2_l8_131_250m,250870
c2_l8_51_100m,1387659
c2_l8_55_60m,662655
c2_l8_151_15m,1796460
c2_l8_119_90m,1614414
c2_l8_234_125m,908685
c2_l8_182_250m,1394786
c2_l8_68_100m,261995
c2_l8_217_1m,1234592
c1_l8_488_60m,10764
c2_l8_187_10m,1976576
c2_l8_190_20m,2366606
c2_l8_230_10m,346567
c2_l8_154_15m,39540
c2_l8_182_100m,1394786
c2_l8_194_90m,317742
c2_l8_37_40m,1129380
c2_l8_188_90m,2521789
c2_l8_211_30m,1032321
c2_l8_155_1m,183264
c2_l8_78_20m,1614902
c2_l8_237_10m,282265
c2_l8_191_250m,1722129
c2_l8_157_1m,417961
c2_l8_127_15m,1154331
c2_l8_199_40m,391051
c2_l8_76_30m,1680519
c2_l8_130_40m,2853556
c2_l8_176_90m,95877
c2_l8_199_60m,391051
c2_l8_154_40m,39540
c2_l8_184_30m,911503
c2_l8_147_100m,3079160
c2_l8_184_250m,911503
c2_l8_34_1m,1697108
c2_l8_197_250m,640249
c2_l8_125_60m,54471
c2_l8_213_1m,741369
c2_l8_90_90m,877724
c2_l8_237_20m,282265
c2_l8_16_15m,745524
c2_l8_204_20m,1965156
c2_l8_107_20m,637704
c2_l8_68_60m,261995
c2_l8_67_1m,49662
c2_l8_14_90m,69735
c2_l8_129_1m,2682329
c2_l8_188_15m,2521789
c2_l8_146_250m,1976380
c2_l8_228_20m,2194189
c2_l8_69_60m,309869
c2_l8_77_1m,2433771
c2_l8_220_40m,10986
c2_l8_179_60m,240759
c2_l8_223_90m,277281
c2_l8_112_20m,62754
c2_l8_226_1m,2340907
c2_l8_70_30m,183688
c2_l8_14_10m,69735
c1_l8_626_60m,16360
c2_l8_107_1m,637704
c2_l8_236_10m,845138
c2_l8_115_125m,130602
c2_l8_99_1m,1493203
c2_l8_206_40m,800000
c1_l8_130_60m,784625
c2_l8_148_60m,3024003
c2_l8_99_90m,1493203
c2_l8_150_40m,2602671
c2_l8_73_100m,1398668
c2_l8_229_60m,614630
c2_l8_90_250m,877724
c2_l8_237_100m,282265
c2_l8_93_15m,1676591
c2_l8_93_40m,1676591
c2_l8_170_30m,1503586
c2_l8_188_40m,2521789
c2_l8_218_15m,594513
c2_l8_91_10m,1680415
c2_l8_33_60m,111780
c2_l8_223_30m,277281
c2_l8_140_40m,131305
c2_l8_204_125m,1965156
c1_l8_683_60m,477272
c2_l8_236_250m,845138
c2_l8_148_250m,3024003
c2_l8_162_10m,40138
c1_l8_327_60m,326203
c2_l8_165_125m,3167443
c2_l8_139_90m,1034425
c2_l8_80_10m,1884720
c2_l8_80_125m,1884720
c2_l8_222_100m,278486
c2_l8_120_1m,937251
c2_l8_201_250m,1847602
c2_l8_172_100m,1693301
c2_l8_211_60m,1032321
c2_l8_210_60m,2014950
c2_l8_108_100m,2863825
c2_l8_92_10m,1860925
c1_l8_221_60m,396974
c2_l8_88_1m,768825
c2_l8_164_1m,1437531
c2_l8_14_250m,69735
c2_l8_32_90m,503577
c2_l8_215_40m,102682
c2_l8_203_90m,1981901
c2_l8_15_30m,895161
c2_l8_89_15m,1096358
c2_l8_77_250m,2433771
c2_l8_157_125m,417961
c2_l8_75_40m,213978
c2_l8_72_15m,1811654
c2_l8_149_30m,2708084
c2_l8_117_10m,2044078
c2_l8_88_40m,768825
c2_l8_139_30m,1034425
c2_l8_138_20m,1206439
c2_l8_185_100m,3195387
c2_l8_169_15m,1394246
c2_l8_208_30m,2231939
c2_l8_113_1m,212219
c2_l8_240_20m,1800000
c2_l8_135_20m,80165
c2_l8_163_100m,340730
c2_l8_176_100m,95877
c1_l8_625_60m,283580
c2_l8_189_1m,2613623
c2_l8_175_100m,40617
c2_l8_204_250m,1965156
c2_l8_17_90m,196548
c2_l8_107_100m,637704
c2_l8_110_125m,1222630
c2_l8_53_250m,1120278
c2_l8_193_10m,1559034
c2_l8_198_100m,2161874
c2_l8_138_10m,1206439
c1_l8_476_60m,94922
c2_l8_155_10m,183264
c2_l8_100_100m,1638498
c2_l8_184_20m,911503
c2_l8_135_100m,80165
c2_l8_67_15m,49662
c2_l8_175_20m,40617
c2_l8_52_125m,2005110
c2_l8_76_90m,1680519
c2_l8_54_20m,709384
c2_l8_31_60m,64421
c2_l8_157_90m,417961
c2_l8_59_20m,351144
c2_l8_138_90m,1206439
c2_l8_110_1m,1222630
c2_l8_90_100m,877724
c2_l8_183_40m,1307946
c2_l8_167_10m,2825997
c2_l8_235_1m,1336166
c2_l8_200_15m,97268
c2_l8_119_40m,1614414
c2_l8_136_40m,2659096
c2_l8_100_90m,1638498
c2_l8_113_90m,212219
c2_l8_199_1m,391051
c2_l8_176_30m,95877
c2_l8_176_40m,95877
c2_l8_149_40m,2708084
c2_l8_124_100m,83057
c2_l8_37_30m,1129380
c2_l8_97_100m,2447590
c2_l8_68_125m,261995
c2_l8_223_60m,277281
c2_l8_217_125m,1234592
c2_l8_69_30m,309869
c2_l8_112_125m,62754
c2_l8_17_60m,196548
c2_l8_162_125m,40138
c2_l8_115_60m,130602
c2_l8_51_125m,1387659
c2_l8_54_40m,709384
c2_l8_200_250m,97268
c2_l8_139_1m,1034425
c2_l8_120_60m,937251
c2_l8_179_125m,240759
c2_l8_213_10m,741369
c2_l8_38_15m,213700
c2_l8_205_125m,1219899
c2_l8_55_1m,662655
c2_l8_38_60m,213700
c2_l8_109_10m,1608118
c2_l8_233_20m,750426
c2_l8_194_40m,317742
c2_l8_108_125m,2863825
c2_l8_77_90m,2433771
c2_l8_232_15m,266966
c2_l8_145_40m,395699
c2_l8_94_20m,843662
c2_l8_210_250m,2014950
c2_l8_202_1m,2892209
c2_l8_227_20m,2191658
c2_l8_242_20m,2333745
c2_l8_118_250m,1430551
c2_l8_167_15m,2825997
c2_l8_237_60m,282265
c2_l8_38_20m,213700
c2_l8_129_125m,2682329
c2_l8_206_1m,900000
c2_l8_55_100m,662655
c2_l8_170_10m,1503586
c2_l8_87_100m,254924
c2_l8_176_125m,95877
c2_l8_32_60m,503577
c2_l8_126_125m,173904
c2_l8_209_10m,1361162
c2_l8_52_15m,2005110
c2_l8_211_100m,1032321
c2_l8_129_250m,2682329
c2_l8_176_10m,95877
c2_l8_131_1m,250870
c2_l8_154_250m,39540
c2_l8_163_90m,340730
c2_l8_53_20m,1120278
c2_l8_109_60m,1608118
c2_l8_155_250m,183264
c2_l8_90_40m,877724
c2_l8_119_10m,1614414
c2_l8_222_60m,278486
c2_l8_137_90m,2048975
c2_l8_17_40m,196548
c2_l8_234_10m,908685
c2_l8_175_10m,40617
c2_l8_145_60m,395699
c2_l8_140_1m,131305
c2_l8_51_10m,1387659
c2_l8_209_90m,1361162
c2_l8_57_40m,1330967
c2_l8_124_1m,83057
c1_l8_376_60m,1349
c2_l8_174_90m,380454
c2_l8_91_125m,1680415
c2_l8_216_15m,648209
c2_l8_92_1m,1860925
c2_l8_32_40m,503577
c2_l8_229_15m,614630
c2_l8_230_250m,346567
c2_l8_59_40m,351144
c2_l8_186_1m,2623509
c2_l8_197_15m,640249
c2_l8_219_90m,49919
c1_l8_653_60m,426050
c2_l8_230_1m,346567
c2_l8_240_15m,2732247
c2_l8_215_10m,102682
c2_l8_51_1m,1387659
c1_l8_595_60m,375196
c2_l8_236_1m,845138
c2_l8_37_10m,1129380
c2_l8_190_1m,2366606
c2_l8_165_60m,3167443
c2_l8_111_10m,231391
c2_l8_170_250m,1503586
c2_l8_166_60m,3340706
c2_l8_220_10m,10986
c2_l8_32_1m,503577
c2_l8_54_60m,709384
c2_l8_72_60m,1811654
c2_l8_198_125m,2161874
c2_l8_231_15m,1190391
c2_l8_146_15m,1976380
c2_l8_203_1m,1981901
c2_l8_162_40m,40138
c2_l8_190_90m,2366606
c2_l8_17_15m,196548
c1_l8_387_60m,178618
c2_l8_202_10m,2892209
c2_l8_98_100m,1862413
c2_l8_181_1m,1096562
c1_l8_99_60m,88594
c2_l8_71_100m,2395819
c2_l8_127_60m,1154331
c2_l8_168_30m,2238632
c2_l8_74_90m,667718
c2_l8_214_20m,1059523
c2_l8_76_20m,1680519
c2_l8_169_20m,1394246
c2_l8_193_30m,1559034
c2_l8_89_60m,1096358
c2_l8_236_15m,845138
c1_l8_401_60m,728764
c2_l8_184_40m,911503
c2_l8_197_60m,640249
c2_l8_36_100m,1842064
c2_l8_217_40m,1234592
c2_l8_78_1m,1614902
c2_l8_140_15m,131305
c2_l8_242_100m,2333745
c2_l8_146_100m,1976380
c2_l8_192_125m,1208800
c1_l8_489_60m,729455
c2_l8_117_15m,2044078
c2_l8_17_20m,196548
c2_l8_125_40m,54471
c2_l8_210_30m,2014950
c2_l8_201_90m,1847602
c2_l8_224_100m,85048
c2_l8_67_60m,49662
c2_l8_224_10m,85048
c2_l8_229_100m,614630
c2_l8_218_60m,594513
c2_l8_198_20m,2161874
c2_l8_221_1m,589792
c2_l8_31_10m,64421
c2_l8_206_20m,800000
c2_l8_137_15m,2048975
c2_l8_192_60m,1208800
c2_l8_191_10m,1722129
c2_l8_178_100m,404972
c2_l8_53_90m,1120278
c2_l8_92_20m,1860925
c2_l8_230_20m,346567
c2_l8_128_125m,2529290
c2_l8_120_125m,937251
c2_l8_157_60m,417961
c2_l8_58_20m,1594536
c2_l8_233_40m,750426
c2_l8_69_100m,309869
c2_l8_188_60m,2521789
c2_l8_15_125m,895161
c2_l8_242_90m,2333745
c2_l8_55_10m,662655
c2_l8_98_15m,1862413
c2_l8_109_30m,1608118
c2_l8_202_250m,2892209
c2_l8_146_90m,1976380
c2_l8_171_40m,2601448
c2_l8_72_10m,1811654
c2_l8_60_15m,541674
c2_l8_161_40m,16919
c2_l8_73_60m,1398668
c2_l8_219_1m,49919
c2_l8_145_100m,395699
c2_l8_190_40m,2366606
c1_l8_591_60m,68432
c2_l8_184_125m,911503
c1_l8_131_60m,112050
c2_l8_58_100m,1594536
c2_l8_124_60m,83057
c2_l8_68_1m,261995
c2_l8_39_10m,21229
c2_l8_60_90m,541674
c2_l8_226_60m,2340907
c2_l8_113_250m,212219
c2_l8_226_20m,2340907
c2_l8_239_1m,2632519
c2_l8_218_90m,594513
c2_l8_162_100m,40138
c2_l8_156_40m,1673159
c2_l8_126_10m,173904
c2_l8_110_20m,1222630
c2_l8_139_100m,1034425
c2_l8_182_20m,1394786
c2_l8_147_60m,3079160
c2_l8_191_20m,1722129
c2_l8_226_90m,2340907
c2_l8_71_15m,2395819
c2_l8_113_60m,212219
c2_l8_170_15m,1503586
c2_l8_151_20m,1796460
c2_l8_34_40m,1697108
c2_l8_152_60m,520
c2_l8_95_125m,529476
c2_l8_112_90m,62754
c2_l8_182_1m,1394786
c2_l8_186_60m,2623509
c2_l8_222_1m,278486
c2_l8_33_20m,111780
c2_l8_217_60m,1234592
c2_l8_93_250m,1676591
c2_l8_144_90m,431746
c2_l8_137_250m,2048975
c1_l8_400_60m,592569
c2_l8_183_30m,1307946
c2_l8_193_60m,1559034
c2_l8_212_1m,1386696
c2_l8_129_20m,2682329
c2_l8_57_20m,1330967
c2_l8_199_250m,391051
c2_l8_87_90m,254924
c2_l8_221_125m,589792
c1_l8_579_60m,384466
c2_l8_74_125m,667718
c2_l8_147_1m,3079160
c2_l8_93_30m,1676591
c2_l8_221_40m,589792
c2_l8_131_125m,250870
c2_l8_32_30m,503577
c2_l8_229_125m,614630
c2_l8_185_40m,3195387
c2_l8_185_20m,3195387
c1_l8_506_60m,149142
c1_l8_286_60m,243
c2_l8_233_100m,750426
c2_l8_35_30m,1519336
c2_l8_72_100m,1811654
c2_l8_149_90m,2708084
c2_l8_173_10m,482483
c2_l8_59_60m,351144
c2_l8_206_125m,800000
c2_l8_234_100m,908685
c2_l8_125_15m,54471
c2_l8_210_90m,2014950
c2_l8_53_1m,1120278
c2_l8_164_90m,1437531
c2_l8_191_90m,1722129
c2_l8_53_60m,1120278
c2_l8_242_60m,2333745
c2_l8_206_250m,800000
c2_l8_32_20m,503577
c2_l8_91_60m,1680415
c2_l8_213_30m,741369
c2_l8_191_100m,1722129
c2_l8_118_90m,1430551
c2_l8_33_125m,111780
c2_l8_212_10m,1386696
c2_l8_228_1m,2194189
c2_l8_129_90m,2682329
c2_l8_87_125m,254924
c2_l8_213_250m,741369
c2_l8_73_15m,1398668
c2_l8_119_125m,1614414
c2_l8_59_125m,351144
c1_l8_621_60m,180523
c2_l8_239_125m,2632519
c2_l8_169_1m,1394246
c2_l8_67_125m,49662
c2_l8_56_40m,1120278
c2_l8_118_1m,1430551
c2_l8_88_20m,768825
c2_l8_54_125m,709384
c2_l8_79_250m,1583502
c2_l8_150_125m,2602671
c2_l8_152_40m,520
c2_l8_173_1m,482483
c1_l8_348_60m,126435
c2_l8_52_40m,2005110
c2_l8_110_15m,1222630
c2_l8_202_100m,2892209
c2_l8_224_125m,85048
c2_l8_204_10m,1965156
c2_l8_70_60m,183688
c2_l8_155_100m,183264
c2_l8_210_15m,2014950
c2_l8_212_15m,1386696
c2_l8_213_20m,741369
c2_l8_109_125m,1608118
c2_l8_128_250m,2529290
c2_l8_35_125m,1519336
c1_l8_550_60m,50066
c2_l8_140_20m,131305
c2_l8_109_1m,1608118
c2_l8_168_10m,2238632
c1_l8_258_60m,382054
c2_l8_151_90m,1796460
c2_l8_112_15m,62754
c2_l8_149_60m,2708084
c1_l8_477_60m,178
c2_l8_55_90m,662655
c2_l8_200_90m,97268
c2_l8_38_30m,213700
c2_l8_68_20m,261995
c2_l8_39_100m,21229
c2_l8_169_100m,1394246
c1_l8_342_60m,150908
c2_l8_135_40m,80165
c2_l8_176_60m,95877
c2_l8_69_1m,309869
c2_l8_33_40m,111780
c2_l8_107_30m,637704
c2_l8_189_125m,2613623
c2_l8_39_90m,21229
c2_l8_211_250m,1032321
c2_l8_16_90m,745524
c2_l8_215_100m,102682
c2_l8_222_30m,278486
c2_l8_58_60m,1594536
c2_l8_197_40m,640249
c2_l8_197_20m,640249
c2_l8_217_30m,1234592
c2_l8_91_250m,1680415
c2_l8_168_60m,2238632
c2_l8_137_20m,2048975
c2_l8_90_60m,877724
c2_l8_192_250m,1208800
c2_l8_91_1m,1680415
c1_l8_311_60m,348463
c2_l8_79_90m,1583502
c2_l8_37_20m,1129380
c2_l8_222_15m,278486
c2_l8_214_250m,1059523
c2_l8_88_10m,768825
c2_l8_77_20m,2433771
c2_l8_208_40m,2231939
c2_l8_99_125m,1493203
c2_l8_96_40m,2153583
c2_l8_127_40m,1154331
c2_l8_75_30m,213978
c2_l8_58_125m,1594536
c1_l8_491_60m,814
c2_l8_135_250m,80165
c2_l8_116_60m,1689925
c2_l8_135_1m,80165
c2_l8_235_250m,1336166
c2_l8_236_30m,845138
c2_l8_34_250m,1697108
c2_l8_215_90m,102682
c2_l8_155_125m,183264
c2_l8_164_30m,1437531
c1_l8_222_60m,6184
c2_l8_146_20m,1976380
c2_l8_124_90m,83057
c2_l8_205_20m,1219899
c2_l8_127_90m,1154331
c2_l8_186_10m,2623509
c2_l8_199_10m,391051
c2_l8_241_90m,2521158
c2_l8_112_250m,62754
c2_l8_128_90m,2529290
c2_l8_95_15m,529476
c2_l8_39_20m,21229
c1_l8_563_60m,57422
c2_l8_33_250m,111780
c2_l8_185_125m,100000
c2_l8_217_100m,1234592
c2_l8_74_100m,667718
c2_l8_52_90m,2005110
c2_l8_119_1m,1614414
c1_l8_564_60m,389508
c2_l8_181_20m,1096562
c2_l8_36_250m,1842064
c2_l8_94_15m,843662
c2_l8_169_40m,1394246
c2_l8_239_90m,2632519
c2_l8_35_15m,1519336
c2_l8_220_60m,10986
c2_l8_205_60m,1219899
c2_l8_223_1m,277281
c2_l8_116_90m,1689925
c2_l8_216_250m,648209
c2_l8_231_90m,1190391
c2_l8_223_20m,277281
c2_l8_150_90m,2602671
c2_l8_59_10m,351144
c2_l8_100_40m,1638498
c2_l8_59_30m,351144
c2_l8_218_250m,594513
c2_l8_218_30m,594513
c2_l8_223_40m,277281
c1_l8_697_60m,286255
c1_l8_596_60m,28185
c2_l8_225_40m,1362470
c2_l8_99_100m,1493203
c2_l8_204_100m,1965156
c2_l8_185_60m,3195387
c2_l8_87_20m,254924
c2_l8_75_60m,213978
c2_l8_79_60m,1583502
c2_l8_190_125m,2366606
c2_l8_169_10m,1394246
c2_l8_216_40m,648209
c2_l8_96_10m,2153583
c1_l8_310_60m,717108
c2_l8_229_1m,614630
c2_l8_93_20m,1676591
c2_l8_15_90m,895161
c2_l8_205_40m,1219899
c2_l8_234_15m,908685
c2_l8_51_60m,1387659
c2_l8_168_20m,2238632
c2_l8_179_100m,240759
c2_l8_136_30m,2659096
c2_l8_54_30m,709384
c2_l8_72_20m,1811654
c2_l8_177_30m,283519
c2_l8_161_90m,16919
c2_l8_88_100m,768825
c2_l8_97_20m,2447590
c2_l8_189_90m,2613623
c2_l8_139_60m,1034425
c2_l8_96_250m,2153583
c2_l8_214_100m,1059523
c2_l8_151_250m,1796460
c2_l8_205_15m,1219899
c2_l8_127_30m,1154331
c2_l8_87_40m,254924
c2_l8_98_60m,1862413
c2_l8_213_40m,741369
c2_l8_186_100m,2623509
c2_l8_152_15m,520
c2_l8_190_30m,2366606
c2_l8_185_15m,3195387
c2_l8_52_1m,2005110
c2_l8_107_60m,637704
c2_l8_100_60m,1638498
c2_l8_73_20m,1398668
c1_l8_517_60m,227
c2_l8_36_90m,1842064
c2_l8_199_20m,391051
c2_l8_189_250m,2613623
c2_l8_216_20m,648209
c2_l8_88_15m,768825
c2_l8_187_250m,1976576
c1_l8_288_60m,321362
c2_l8_217_250m,1234592
c2_l8_118_40m,1430551
c2_l8_146_30m,1976380
c2_l8_128_40m,2529290
c2_l8_212_125m,1386696
c1_l8_446_60m,17913
c2_l8_240_1m,2732247
c2_l8_113_100m,212219
c2_l8_96_20m,2153583
c2_l8_76_15m,1680519
c2_l8_68_40m,261995
c2_l8_118_10m,1430551
c2_l8_33_90m,111780
c2_l8_163_250m,340730
c2_l8_175_15m,40617
c2_l8_60_40m,541674
c2_l8_88_30m,768825
c2_l8_220_125m,10986
c2_l8_124_20m,83057
c2_l8_199_15m,391051
c2_l8_191_40m,1722129
c2_l8_213_100m,741369
c2_l8_94_60m,843662
c2_l8_39_40m,21229
c2_l8_16_20m,745524
c2_l8_164_10m,1437531
c2_l8_145_20m,395699
c2_l8_140_60m,131305
c2_l8_164_100m,1437531
c2_l8_161_1m,16919
c1_l8_371_60m,73889
c2_l8_68_15m,261995
c1_l8_687_60m,102866
c2_l8_170_100m,1503586
c2_l8_173_30m,482483
c2_l8_32_10m,503577
c2_l8_145_1m,395699
c2_l8_97_15m,2447590
c2_l8_118_20m,1430551
c2_l8_151_1m,1796460
c2_l8_232_60m,266966
c2_l8_225_100m,1362470
c2_l8_186_40m,2623509
c2_l8_109_100m,1608118
c1_l8_655_60m,1006943
c2_l8_231_20m,1190391
c2_l8_152_30m,520
c2_l8_59_100m,351144
c1_l8_312_60m,102298
c2_l8_166_30m,3340706
c2_l8_241_20m,2521158
c2_l8_182_40m,1394786
c2_l8_242_1m,2333745
c2_l8_115_20m,130602
c2_l8_220_30m,10986
c2_l8_67_40m,49662
c2_l8_71_1m,2395819
c2_l8_223_15m,277281
c2_l8_185_1m,3195387
c2_l8_16_1m,745524
c2_l8_232_20m,266966
c2_l8_98_30m,1862413
c2_l8_226_30m,2340907
c2_l8_213_125m,741369
c2_l8_236_60m,845138
c2_l8_237_1m,282265
c1_l8_309_60m,129531
c2_l8_131_60m,250870
c1_l8_259_60m,88056
c2_l8_99_20m,1493203
c2_l8_172_30m,1693301
c2_l8_146_60m,1976380
c1_l8_666_60m,132301
c2_l8_71_90m,2395819
c2_l8_177_90m,283519
c2_l8_175_60m,40617
c2_l8_31_30m,64421
c2_l8_232_125m,266966
c2_l8_51_15m,1387659
c2_l8_98_20m,1862413
c2_l8_220_1m,10986
c2_l8_55_250m,662655
c2_l8_204_1m,1965156
c2_l8_136_100m,2659096
c2_l8_144_100m,431746
c2_l8_217_15m,1234592
c2_l8_232_100m,266966
c2_l8_235_60m,1336166
c2_l8_216_100m,648209
c2_l8_117_90m,2044078
c2_l8_169_250m,1394246
c2_l8_202_90m,2892209
c2_l8_225_30m,1362470
c2_l8_238_100m,1270
c2_l8_149_1m,2708084
c2_l8_138_100m,1206439
c2_l8_226_40m,2340907
c2_l8_56_15m,1120278
c2_l8_15_1m,895161
c2_l8_179_10m,240759
c2_l8_161_15m,16919
c2_l8_161_60m,16919
c2_l8_140_10m,131305
c2_l8_96_15m,2153583
c2_l8_182_90m,1394786
c2_l8_15_250m,895161
c2_l8_228_100m,2194189
c2_l8_166_40m,3340706
c2_l8_178_60m,404972
c2_l8_221_60m,589792
c2_l8_154_20m,39540
c2_l8_189_15m,2613623
c2_l8_198_10m,2161874
c2_l8_163_20m,340730
c2_l8_72_125m,1811654
c2_l8_67_90m,49662
c2_l8_80_40m,1884720
c2_l8_138_30m,1206439
c2_l8_111_30m,231391
c2_l8_76_10m,1680519
c2_l8_34_15m,1697108
c2_l8_155_15m,183264
c2_l8_139_40m,1034425
c2_l8_172_40m,1693301
c2_l8_125_125m,54471
c1_l8_229_60m,8360
c2_l8_230_125m,346567
c2_l8_213_15m,741369
c2_l8_125_250m,54471
c2_l8_130_20m,2853556
c2_l8_119_20m,1614414
c2_l8_152_20m,520
c2_l8_130_10m,2853556
c2_l8_173_90m,482483
c2_l8_118_30m,1430551
c2_l8_233_90m,750426
c2_l8_162_15m,40138
c2_l8_154_125m,39540
c2_l8_212_100m,1386696
c2_l8_97_1m,2447590
c2_l8_113_15m,212219
c2_l8_138_15m,1206439
c2_l8_108_40m,2863825
c2_l8_126_15m,173904
c2_l8_72_90m,1811654
c2_l8_226_250m,2340907
c2_l8_219_10m,49919
c2_l8_31_90m,64421
c2_l8_235_20m,1336166
c2_l8_125_30m,54471
c2_l8_149_250m,2708084
c2_l8_99_60m,1493203
c2_l8_178_30m,404972
c2_l8_181_15m,1096562
c2_l8_76_60m,1680519
c2_l8_152_90m,520
c2_l8_108_60m,2863825
c2_l8_15_100m,895161
c2_l8_229_250m,614630
c2_l8_157_20m,417961
c2_l8_148_90m,3024003
c2_l8_125_20m,54471
c2_l8_208_15m,2231939
c2_l8_192_15m,1208800
c2_l8_219_15m,49919
c2_l8_228_250m,2194189
c2_l8_218_10m,594513
c2_l8_220_90m,10986
c2_l8_92_90m,1860925
c2_l8_131_20m,250870
c2_l8_238_20m,1270
c2_l8_150_10m,2602671
c2_l8_131_90m,250870
c2_l8_234_90m,908685
c2_l8_235_125m,1336166
c2_l8_170_125m,1503586
c2_l8_89_100m,1096358
c2_l8_200_60m,97268
c2_l8_95_40m,529476
c2_l8_38_90m,213700
c2_l8_183_250m,1307946
c1_l8_372_60m,344798
c1_l8_265_60m,32476
c2_l8_225_90m,1362470
c2_l8_149_125m,2708084
c2_l8_155_90m,183264
c1_l8_534_60m,441749
c2_l8_237_40m,282265
c2_l8_239_60m,2632519
c2_l8_224_1m,85048
c2_l8_14_40m,69735
c2_l8_127_1m,1154331
c2_l8_163_10m,340730
c2_l8_144_60m,431746
c2_l8_60_1m,541674
c2_l8_156_60m,1673159
c2_l8_92_40m,1860925
c2_l8_236_90m,845138
c2_l8_194_250m,317742
c2_l8_136_1m,2659096
c2_l8_240_125m,2732247
c2_l8_150_60m,2602671
c2_l8_186_30m,2623509
c2_l8_236_40m,845138
c2_l8_192_90m,1208800
c2_l8_124_15m,83057
c2_l8_60_20m,541674
c2_l8_214_40m,1059523
c2_l8_227_30m,2191658
c2_l8_35_20m,1519336
c2_l8_37_15m,1129380
c2_l8_73_40m,1398668
c2_l8_95_90m,529476
c2_l8_218_40m,594513
c2_l8_230_40m,346567
c2_l8_172_250m,1693301
c1_l8_398_60m,1090
c2_l8_116_250m,1689925
c2_l8_129_40m,2682329
c2_l8_98_1m,1862413
c2_l8_174_20m,380454
c2_l8_191_15m,1722129
c2_l8_54_250m,709384
c2_l8_60_100m,541674
c2_l8_57_125m,1330967
c2_l8_135_60m,80165
c2_l8_99_15m,1493203
c2_l8_76_1m,1680519
c2_l8_167_125m,2825997
c2_l8_220_20m,10986
c2_l8_95_1m,529476
c2_l8_108_10m,2863825
c2_l8_178_40m,404972
c2_l8_155_30m,183264
c2_l8_129_100m,2682329
c2_l8_35_90m,1519336
c2_l8_214_60m,1059523
c2_l8_116_30m,1689925
c2_l8_150_100m,2602671
c2_l8_68_10m,261995
c2_l8_77_30m,2433771
c2_l8_197_125m,640249
c2_l8_113_10m,212219
c2_l8_87_10m,254924
c2_l8_32_15m,503577
c2_l8_116_10m,1689925
c2_l8_17_250m,196548
c2_l8_174_100m,380454
c2_l8_57_30m,1330967
c2_l8_198_60m,2161874
c2_l8_145_125m,395699
c2_l8_39_250m,21229
c2_l8_136_125m,2659096
c2_l8_119_100m,1614414
c2_l8_182_15m,1394786
c2_l8_194_60m,317742
c2_l8_117_1m,2044078
c2_l8_151_125m,1796460
c2_l8_211_125m,1032321
c2_l8_111_60m,231391
c2_l8_148_100m,3024003
c2_l8_229_40m,614630
c2_l8_232_1m,266966
c2_l8_170_1m,1503586
c2_l8_241_15m,2521158
c1_l8_698_60m,578392
c2_l8_163_60m,340730
c2_l8_199_125m,391051
c2_l8_164_40m,1437531
c2_l8_172_60m,1693301
c1_l8_373_60m,34161
c2_l8_148_1m,3024003
c2_l8_117_250m,2044078
c2_l8_111_40m,231391
c2_l8_185_30m,3195387
c2_l8_208_60m,2231939
c2_l8_222_10m,278486
c2_l8_174_60m,380454
c2_l8_242_30m,2333745
c2_l8_54_10m,709384
c2_l8_120_90m,937251
c2_l8_163_30m,340730
c2_l8_183_15m,1307946
c2_l8_113_30m,212219
c2_l8_51_40m,1387659
c2_l8_75_10m,213978
c2_l8_183_60m,1307946
c2_l8_80_60m,1884720
c2_l8_137_125m,2048975
c2_l8_214_1m,1059523
c2_l8_210_1m,2014950
c2_l8_222_125m,278486
c2_l8_31_250m,64421
c2_l8_89_20m,1096358
c2_l8_38_250m,213700
c2_l8_112_10m,62754
c2_l8_68_30m,261995
c2_l8_208_1m,2231939
c2_l8_116_1m,1689925
c2_l8_58_30m,1594536
c2_l8_230_30m,346567
c2_l8_166_1m,600000
c2_l8_57_250m,1330967
c2_l8_144_30m,431746
c2_l8_239_10m,2632519
c2_l8_149_15m,2708084
c2_l8_211_1m,1032321
c2_l8_126_90m,173904
c2_l8_37_90m,1129380
c2_l8_144_250m,431746
c2_l8_70_125m,183688
c2_l8_124_10m,83057
c2_l8_166_100m,3340706
c2_l8_198_15m,2161874
c2_l8_75_15m,213978
c2_l8_189_60m,2613623
c2_l8_90_20m,877724
c2_l8_70_15m,183282
c2_l8_135_15m,80165
c2_l8_34_90m,1697108
c2_l8_241_30m,2521158
c1_l8_207_60m,448447
c2_l8_171_60m,2601448
c2_l8_227_15m,2191658
c2_l8_151_30m,1796460
c1_l8_341_60m,321311
c2_l8_110_40m,1222630
c2_l8_71_60m,2395819
c2_l8_51_250m,1387659
c1_l8_566_60m,10405
c2_l8_214_15m,1059523
c2_l8_164_15m,1437531
c2_l8_189_10m,2613623
c2_l8_71_250m,2395819
c2_l8_197_30m,640249
c2_l8_228_30m,2194189
c2_l8_209_20m,1361162
c2_l8_94_1m,843662
c2_l8_108_30m,2863825
c2_l8_38_125m,213700
c2_l8_203_100m,1981901
c2_l8_181_10m,1096562
c2_l8_204_60m,1965156
c2_l8_130_100m,2853556
c2_l8_79_100m,1583502
c2_l8_202_15m,2892209
c2_l8_201_15m,1847602
c2_l8_130_1m,2853556
c2_l8_215_250m,102682
c1_l8_176_60m,417050
c1_l8_289_60m,295184
c2_l8_166_20m,3340706
c2_l8_217_90m,1234592
c2_l8_147_125m,3079160
c2_l8_69_250m,309869
c2_l8_188_10m,2521789
c2_l8_240_10m,2732247
c2_l8_99_40m,1493203
c2_l8_242_125m,2333745
c2_l8_205_250m,1219899
c2_l8_111_125m,231391
c2_l8_138_250m,1206439
c2_l8_147_250m,3079160
c2_l8_107_10m,637704
c2_l8_94_250m,843662
c2_l8_115_30m,130602
c2_l8_79_1m,1583502
c2_l8_72_1m,1811654
c2_l8_95_250m,529476
c2_l8_70_100m,183688
c1_l8_490_60m,337905
c2_l8_89_30m,1096358
c2_l8_173_60m,482483
c2_l8_165_40m,3167443
c2_l8_139_10m,1034425
c1_l8_685_60m,694289
c2_l8_217_20m,1234592
c2_l8_204_90m,1965156
c2_l8_110_250m,1222630
c2_l8_190_15m,2366606
c2_l8_91_40m,1680415
c2_l8_223_100m,277281
c2_l8_34_125m,1697108
c2_l8_228_90m,2194189
c2_l8_212_60m,1386696
c2_l8_35_10m,1519336
c2_l8_221_15m,589792
c2_l8_77_10m,2433771
c2_l8_234_30m,908685
c2_l8_51_30m,1387659
c2_l8_225_10m,1362470
c2_l8_161_100m,16919
c2_l8_55_40m,662655
c2_l8_174_10m,380454
c2_l8_186_90m,2623509
c2_l8_225_15m,1362470
c2_l8_173_20m,482483
c1_l8_281_60m,734847
c2_l8_94_30m,843662
c2_l8_219_60m,49919
c2_l8_157_15m,417961
c2_l8_238_125m,1270
c2_l8_216_30m,648209
c2_l8_69_125m,309869
c2_l8_154_1m,39540
c2_l8_93_90m,1676591
c2_l8_52_20m,2005110
c2_l8_99_30m,1493203
c2_l8_14_20m,69735
c1_l8_415_60m,99961
c2_l8_221_250m,589792
c2_l8_175_90m,40617
c1_l8_340_60m,94315
c2_l8_53_15m,1120278
c2_l8_235_10m,1336166
c2_l8_206_15m,900000
c2_l8_75_1m,213978
c2_l8_78_10m,1614902
c2_l8_60_60m,541674
c2_l8_52_250m,2005110
c1_l8_654_60m,213410
c2_l8_36_40m,1842064
c2_l8_54_90m,709384
c2_l8_225_60m,1362470
c2_l8_137_30m,2048975
c2_l8_69_10m,309869
c2_l8_96_60m,2153583
c2_l8_206_30m,800000
c2_l8_39_1m,21229
c2_l8_234_60m,908685
c2_l8_152_10m,520
c2_l8_209_125m,1361162
c1_l8_117_60m,243
c2_l8_111_1m,231391
c2_l8_191_125m,1722129
c1_l8_237_60m,296484
c2_l8_78_15m,1614902
c2_l8_135_30m,80165
c2_l8_169_90m,1394246
